student_id,course_id,semester,year,grade
1,10,Summer,2024,B
1,7,Fall,2021,C
1,8,Spring,2021,A
1,17,Summer,2025,A
2,12,Spring,2020,C
2,16,Fall,2021,B
3,19,Spring,2021,W
3,5,Fall,2022,D
4,16,Spring,2023,F
4,2,Summer,2023,B
4,17,Spring,2022,D
4,18,Fall,2019,D
5,18,Summer,2021,D
5,2,Summer,2023,B
6,6,Spring,2023,B
6,10,Fall,2023,F
6,17,Spring,2022,B
7,6,Summer,2022,W
7,13,Spring,2018,B
7,4,Summer,2024,B
7,2,Summer,2024,C
8,7,Fall,2025,D
8,11,Summer,2018,A
8,13,Spring,2025,A
9,11,Fall,2021,C
9,19,Fall,2024,C
10,4,Fall,2020,F
10,3,Summer,2025,C
10,19,Spring,2023,A
10,1,Fall,2020,A
11,13,Spring,2024,A
11,6,Spring,2021,F
12,2,Spring,2025,D
12,5,Spring,2024,A
13,18,Spring,2019,C
13,1,Spring,2023,C
14,14,Spring,2018,B
14,13,Summer,2022,C
15,19,Summer,2021,B
15,16,Fall,2018,C
16,14,Spring,2024,A
16,17,Summer,2025,B
16,1,Summer,2019,B
16,1,Spring,2018,D
17,19,Summer,2023,B
17,19,Spring,2024,D
17,1,Spring,2024,D
18,3,Fall,2024,A
18,1,Summer,2021,F
18,7,Fall,2020,A
19,7,Summer,2018,F
19,12,Spring,2023,A
19,13,Summer,2019,W
19,16,Summer,2019,D
20,9,Fall,2018,C
20,10,Fall,2020,W
20,12,Spring,2022,C
21,2,Fall,2022,F
21,5,Fall,2023,D
21,9,Summer,2024,A
22,3,Spring,2021,A
22,12,Summer,2019,D
22,3,Spring,2020,F
22,2,Fall,2019,D
23,9,Spring,2020,W
23,9,Fall,2019,F
23,4,Summer,2020,A
23,18,Summer,2025,B
24,19,Spring,2025,A
24,5,Spring,2022,W
24,3,Summer,2025,A
24,15,Fall,2018,A
25,13,Fall,2022,C
25,20,Summer,2022,D
26,9,Summer,2023,B
26,13,Fall,2018,C
26,19,Fall,2023,A
27,5,Fall,2024,C
27,12,Summer,2018,F
27,5,Summer,2024,B
27,14,Summer,2020,C
28,9,Fall,2021,B
28,3,Summer,2018,W
28,13,Spring,2025,A
29,11,Summer,2020,A
29,15,Fall,2020,A
30,1,Fall,2020,C
30,10,Spring,2019,C
30,1,Spring,2019,A
30,6,Summer,2019,D
31,10,Summer,2021,C
31,6,Summer,2018,B
31,13,Summer,2019,D
31,10,Spring,2018,F
32,15,Fall,2018,B
32,17,Fall,2018,A
32,7,Fall,2023,C
33,19,Fall,2021,D
33,15,Spring,2019,A
33,10,Summer,2019,A
34,11,Summer,2023,B
34,14,Spring,2019,F
35,15,Fall,2020,D
35,5,Spring,2023,B
35,14,Spring,2018,A
36,4,Fall,2020,W
36,19,Fall,2018,B
36,2,Summer,2022,A
37,18,Spring,2019,W
37,1,Spring,2021,W
38,2,Summer,2020,B
38,17,Spring,2023,A
39,20,Spring,2019,W
39,11,Fall,2023,B
39,10,Fall,2021,D
39,7,Summer,2020,F
40,1,Fall,2024,B
40,11,Spring,2022,B
40,7,Fall,2022,A
41,3,Summer,2024,C
41,20,Fall,2021,C
42,3,Fall,2022,C
42,5,Fall,2022,A
42,16,Spring,2019,B
43,1,Summer,2024,A
43,12,Fall,2024,D
44,5,Spring,2020,C
44,19,Summer,2024,A
44,8,Fall,2021,B
45,20,Spring,2025,W
45,11,Fall,2024,W
46,9,Fall,2018,B
46,5,Spring,2019,F
47,15,Fall,2019,D
47,18,Fall,2018,C
47,10,Spring,2023,B
47,7,Spring,2025,W
48,12,Summer,2020,F
48,6,Summer,2020,C
49,15,Summer,2020,W
49,19,Fall,2024,C
49,18,Fall,2023,C
49,11,Fall,2018,D
50,15,Fall,2023,D
50,19,Fall,2021,F
50,9,Spring,2020,C
51,18,Spring,2020,B
51,2,Summer,2020,W
51,18,Fall,2018,D
52,16,Spring,2023,C
52,18,Summer,2024,A
52,13,Fall,2020,W
53,10,Summer,2018,W
53,4,Summer,2024,C
53,5,Spring,2019,A
53,9,Spring,2020,A
54,14,Spring,2020,D
54,8,Fall,2025,A
54,19,Fall,2025,F
55,15,Fall,2020,W
55,14,Spring,2024,F
55,20,Spring,2018,F
56,3,Fall,2019,D
56,13,Spring,2021,W
57,4,Summer,2020,C
57,17,Spring,2018,F
57,3,Summer,2025,B
57,20,Fall,2022,B
58,4,Spring,2020,W
58,16,Summer,2025,W
58,12,Spring,2023,B
58,7,Summer,2019,D
59,19,Summer,2022,C
59,8,Summer,2020,A
59,13,Spring,2020,W
59,9,Spring,2025,W
60,2,Spring,2022,A
60,16,Spring,2025,D
60,4,Summer,2025,B
60,3,Fall,2018,B
61,11,Summer,2018,B
61,5,Fall,2019,D
62,1,Spring,2019,C
62,10,Fall,2021,C
63,1,Fall,2019,B
63,4,Fall,2022,C
64,19,Summer,2021,A
64,17,Summer,2025,C
65,2,Fall,2024,A
65,8,Fall,2020,W
66,12,Spring,2020,F
66,19,Fall,2025,A
66,20,Spring,2020,A
67,15,Fall,2024,W
67,10,Spring,2019,B
67,1,Summer,2025,W
67,11,Summer,2021,F
68,2,Fall,2018,A
68,9,Fall,2018,A
69,12,Summer,2021,F
69,6,Summer,2023,B
69,15,Summer,2020,C
70,1,Summer,2022,C
70,15,Summer,2023,B
70,10,Spring,2023,C
71,18,Summer,2018,C
71,9,Fall,2019,F
71,15,Fall,2019,W
72,15,Spring,2022,W
72,19,Summer,2024,F
73,10,Fall,2019,D
73,8,Fall,2023,W
73,20,Fall,2018,A
74,3,Summer,2021,F
74,1,Fall,2024,F
74,18,Summer,2025,C
75,16,Summer,2025,C
75,2,Summer,2021,W
75,13,Summer,2021,F
76,18,Spring,2024,D
76,18,Summer,2021,C
76,10,Spring,2020,D
77,19,Spring,2022,C
77,8,Summer,2018,W
77,5,Spring,2020,D
77,4,Fall,2024,B
78,16,Fall,2024,W
78,10,Fall,2022,W
78,20,Summer,2020,W
79,20,Fall,2025,C
79,13,Fall,2022,B
79,8,Fall,2022,W
79,20,Spring,2018,W
80,10,Summer,2020,A
80,18,Fall,2020,B
81,17,Summer,2025,C
81,6,Summer,2023,F
82,2,Fall,2025,A
82,10,Summer,2024,C
83,1,Spring,2025,C
83,17,Spring,2025,W
84,17,Fall,2024,C
84,2,Spring,2023,W
84,1,Fall,2023,B
84,11,Spring,2024,C
85,9,Summer,2019,W
85,14,Spring,2020,B
85,10,Summer,2020,W
85,16,Spring,2021,A
86,19,Spring,2020,C
86,2,Summer,2022,W
87,20,Summer,2018,C
87,11,Fall,2022,A
87,1,Spring,2023,F
87,9,Summer,2018,D
88,8,Fall,2024,B
88,5,Fall,2024,F
88,16,Spring,2025,D
88,1,Fall,2019,A
89,14,Spring,2023,C
89,11,Spring,2020,F
90,9,Summer,2023,C
90,13,Summer,2022,D
90,9,Spring,2024,B
91,7,Spring,2019,D
91,3,Summer,2023,D
92,19,Spring,2018,D
92,12,Fall,2019,F
92,7,Summer,2022,C
93,6,Summer,2024,B
93,4,Spring,2025,W
93,1,Spring,2022,W
94,7,Summer,2021,A
94,17,Fall,2025,W
95,2,Spring,2021,B
95,17,Spring,2022,A
95,13,Fall,2025,B
95,15,Spring,2025,B
96,17,Spring,2022,A
96,3,Fall,2024,A
97,19,Fall,2019,F
97,13,Summer,2021,D
98,2,Spring,2019,F
98,17,Fall,2019,B
99,5,Fall,2020,W
99,1,Spring,2023,A
99,1,Summer,2019,B
99,8,Fall,2024,F
100,8,Spring,2021,W
100,2,Fall,2019,D
100,11,Summer,2021,B
100,7,Fall,2018,W
101,13,Summer,2020,A
101,17,Spring,2021,C
102,8,Fall,2019,C
102,8,Summer,2024,A
102,9,Fall,2024,B
102,3,Spring,2025,A
103,14,Spring,2025,F
103,3,Spring,2018,F
103,16,Spring,2025,A
103,14,Fall,2023,W
104,12,Fall,2022,A
104,11,Spring,2018,B
104,3,Fall,2019,C
104,13,Spring,2018,W
105,7,Summer,2021,A
105,12,Fall,2023,B
106,19,Spring,2025,F
106,11,Spring,2020,A
106,6,Fall,2022,W
107,5,Fall,2020,A
107,17,Spring,2024,D
107,2,Spring,2024,F
107,13,Spring,2024,A
108,15,Spring,2022,D
108,5,Summer,2019,C
109,3,Fall,2020,F
109,10,Fall,2021,C
109,11,Fall,2021,A
109,20,Fall,2024,W
110,14,Summer,2023,B
110,13,Spring,2019,D
110,17,Spring,2018,W
111,9,Spring,2023,D
111,4,Summer,2018,B
112,7,Spring,2019,W
112,16,Fall,2022,W
113,12,Fall,2019,B
113,11,Spring,2022,B
113,14,Spring,2019,F
114,12,Summer,2022,B
114,5,Summer,2021,F
115,19,Spring,2021,F
115,12,Spring,2024,D
115,3,Spring,2023,F
115,2,Fall,2024,W
116,1,Summer,2019,W
116,6,Summer,2025,F
116,12,Fall,2018,C
117,5,Spring,2025,D
117,4,Summer,2022,B
118,19,Summer,2025,W
118,12,Fall,2022,B
118,2,Spring,2020,B
119,16,Spring,2023,W
119,20,Spring,2024,A
120,14,Fall,2022,D
120,12,Spring,2019,F
120,14,Fall,2021,W
121,8,Spring,2019,D
121,9,Summer,2020,W
121,9,Fall,2023,A
121,1,Spring,2024,C
122,18,Summer,2018,W
122,8,Summer,2024,F
123,16,Summer,2019,A
123,4,Summer,2021,D
123,7,Fall,2020,F
123,12,Spring,2018,B
124,12,Fall,2023,D
124,4,Spring,2021,W
125,19,Spring,2024,W
125,13,Summer,2024,F
126,5,Spring,2021,B
126,11,Spring,2020,D
126,10,Summer,2025,D
126,7,Summer,2018,B
127,20,Summer,2019,A
127,4,Summer,2022,A
127,11,Summer,2021,B
128,20,Summer,2021,A
128,14,Spring,2024,F
128,13,Spring,2020,F
129,11,Summer,2022,W
129,12,Fall,2023,A
130,17,Spring,2022,W
130,18,Spring,2025,A
130,9,Spring,2021,W
131,3,Fall,2022,W
131,13,Spring,2022,A
131,6,Summer,2020,W
132,13,Fall,2025,C
132,20,Summer,2021,D
133,20,Spring,2023,C
133,19,Spring,2020,C
133,3,Summer,2024,F
133,15,Summer,2020,C
134,6,Summer,2021,D
134,3,Spring,2025,D
135,3,Spring,2021,C
135,12,Fall,2020,F
136,12,Spring,2023,W
136,1,Fall,2018,A
136,8,Summer,2019,C
137,2,Spring,2025,C
137,20,Fall,2021,W
137,6,Fall,2024,W
138,14,Summer,2022,D
138,14,Fall,2019,W
138,19,Summer,2018,D
139,14,Summer,2018,C
139,11,Spring,2020,W
140,20,Summer,2019,A
140,19,Spring,2021,B
140,19,Fall,2018,W
140,6,Summer,2023,W
141,16,Fall,2021,D
141,5,Fall,2025,F
142,19,Summer,2022,W
142,18,Spring,2020,B
142,8,Spring,2021,D
142,2,Summer,2021,C
143,15,Fall,2020,F
143,11,Fall,2018,C
143,19,Summer,2025,W
143,13,Summer,2024,D
144,3,Fall,2022,W
144,8,Fall,2023,C
145,15,Fall,2021,W
145,11,Summer,2019,B
146,1,Spring,2022,A
146,7,Summer,2020,F
147,18,Fall,2022,A
147,6,Fall,2023,C
147,2,Summer,2021,B
148,11,Summer,2020,A
148,16,Spring,2024,F
148,11,Fall,2021,W
149,2,Summer,2019,F
149,19,Summer,2025,A
149,1,Summer,2024,W
149,4,Summer,2025,A
150,17,Summer,2021,F
150,20,Summer,2024,W
150,17,Summer,2018,D
151,3,Summer,2020,W
151,18,Fall,2020,B
152,6,Spring,2024,A
152,8,Summer,2021,W
153,14,Summer,2020,A
153,9,Fall,2024,F
154,13,Spring,2023,C
154,1,Fall,2018,D
154,17,Spring,2024,A
154,10,Summer,2019,B
155,7,Summer,2023,W
155,15,Summer,2020,B
156,2,Fall,2020,D
156,12,Fall,2018,B
156,13,Spring,2019,C
156,19,Fall,2024,D
157,6,Summer,2020,B
157,20,Spring,2019,F
158,10,Summer,2022,W
158,10,Summer,2018,F
159,8,Summer,2024,A
159,2,Summer,2025,C
160,9,Fall,2021,D
160,1,Spring,2021,W
160,14,Spring,2022,C
160,3,Spring,2018,B
161,5,Fall,2025,B
161,11,Fall,2022,B
162,19,Summer,2024,B
162,19,Fall,2020,W
162,4,Summer,2018,C
162,13,Spring,2021,C
163,4,Summer,2018,W
163,15,Summer,2022,C
163,6,Spring,2023,B
164,5,Spring,2023,B
164,10,Spring,2024,F
164,4,Summer,2022,B
164,5,Spring,2025,W
165,15,Spring,2020,W
165,7,Fall,2025,F
165,3,Fall,2021,B
165,3,Fall,2019,B
166,6,Spring,2022,W
166,15,Spring,2023,D
167,5,Spring,2023,F
167,13,Summer,2019,W
167,10,Spring,2019,F
167,5,Summer,2018,D
168,12,Summer,2019,F
168,9,Spring,2020,B
168,4,Fall,2023,C
169,4,Spring,2022,C
169,10,Fall,2018,A
169,7,Fall,2020,D
169,1,Summer,2022,F
170,12,Summer,2024,F
170,20,Fall,2022,B
171,7,Fall,2024,D
171,1,Fall,2024,W
172,10,Summer,2025,B
172,20,Summer,2025,B
173,6,Summer,2020,W
173,4,Fall,2024,B
174,16,Fall,2021,D
174,5,Spring,2022,D
174,15,Fall,2024,C
175,12,Summer,2022,F
175,6,Fall,2020,F
175,13,Fall,2021,D
176,17,Fall,2019,A
176,17,Fall,2020,D
176,17,Spring,2019,W
177,4,Spring,2025,A
177,14,Spring,2025,W
177,7,Fall,2020,W
178,13,Summer,2021,F
178,3,Spring,2018,D
178,10,Summer,2020,W
178,1,Summer,2022,W
179,19,Fall,2021,W
179,10,Fall,2018,W
180,19,Spring,2024,A
180,6,Fall,2024,C
181,9,Spring,2022,F
181,12,Fall,2020,B
181,7,Spring,2020,B
182,3,Summer,2023,W
182,17,Summer,2025,B
183,11,Summer,2018,F
183,14,Fall,2021,F
183,12,Fall,2020,A
184,6,Fall,2020,F
184,5,Fall,2024,D
184,1,Spring,2019,C
185,20,Spring,2019,W
185,2,Summer,2020,B
186,9,Spring,2020,A
186,13,Summer,2020,C
187,12,Summer,2018,C
187,14,Spring,2020,W
188,19,Fall,2023,F
188,20,Summer,2023,D
188,18,Summer,2021,C
188,20,Summer,2024,B
189,4,Summer,2020,A
189,17,Fall,2018,C
189,6,Spring,2024,C
189,5,Spring,2020,D
190,2,Spring,2020,F
190,16,Spring,2025,A
190,5,Fall,2021,C
190,18,Spring,2025,B
191,3,Summer,2023,C
191,18,Summer,2024,F
191,14,Spring,2022,D
191,6,Fall,2019,B
192,20,Spring,2023,B
192,9,Summer,2025,F
192,10,Fall,2025,F
192,8,Fall,2020,B
193,17,Summer,2022,D
193,16,Summer,2018,W
193,5,Fall,2022,A
194,8,Spring,2018,W
194,9,Spring,2020,F
194,14,Summer,2023,B
194,3,Spring,2024,B
195,16,Spring,2020,W
195,9,Spring,2022,F
195,19,Fall,2024,F
195,3,Fall,2020,F
196,7,Summer,2024,D
196,16,Fall,2022,F
197,7,Spring,2020,D
197,17,Spring,2021,D
197,20,Summer,2018,W
197,20,Summer,2020,D
198,15,Spring,2023,W
198,15,Spring,2024,C
198,17,Fall,2020,W
198,3,Summer,2021,C
199,4,Fall,2020,B
199,4,Spring,2022,C
199,14,Spring,2021,A
199,10,Fall,2025,D
200,4,Summer,2025,F
200,5,Summer,2025,B
201,17,Fall,2018,B
201,11,Spring,2023,A
201,6,Spring,2024,W
202,10,Spring,2018,W
202,14,Summer,2019,W
203,14,Spring,2023,B
203,4,Fall,2024,B
203,17,Fall,2021,A
203,15,Fall,2021,F
204,3,Spring,2018,F
204,2,Spring,2018,W
205,19,Spring,2025,A
205,4,Summer,2021,C
205,17,Spring,2019,F
206,4,Summer,2023,W
206,3,Spring,2020,B
207,8,Fall,2018,F
207,5,Summer,2025,C
207,18,Summer,2018,D
207,4,Fall,2020,F
208,7,Spring,2022,F
208,13,Spring,2025,A
208,2,Spring,2023,B
209,19,Spring,2021,D
209,2,Summer,2025,B
210,3,Summer,2019,F
210,14,Fall,2022,A
211,1,Fall,2020,B
211,1,Fall,2021,A
211,2,Spring,2021,F
211,4,Spring,2024,F
212,7,Fall,2019,F
212,10,Fall,2024,A
213,7,Spring,2019,F
213,5,Summer,2021,B
213,17,Spring,2022,D
214,2,Spring,2022,B
214,20,Spring,2022,B
215,20,Spring,2021,W
215,2,Fall,2020,A
215,16,Summer,2025,A
216,18,Spring,2024,B
216,8,Summer,2018,W
216,11,Fall,2020,F
217,3,Summer,2022,B
217,17,Spring,2019,C
218,2,Spring,2022,D
218,4,Summer,2025,A
218,1,Summer,2020,D
219,10,Summer,2025,C
219,20,Spring,2021,A
219,8,Summer,2019,D
220,20,Summer,2020,D
220,5,Summer,2018,B
221,8,Fall,2023,W
221,17,Fall,2022,B
221,9,Fall,2022,D
222,18,Spring,2019,B
222,10,Spring,2024,F
222,17,Spring,2024,C
223,2,Spring,2018,A
223,14,Spring,2021,B
224,8,Fall,2025,D
224,11,Fall,2022,C
225,6,Summer,2021,C
225,4,Spring,2021,B
226,19,Fall,2021,C
226,13,Fall,2018,F
226,10,Spring,2024,D
226,18,Fall,2022,F
227,1,Spring,2019,A
227,18,Fall,2024,F
228,16,Summer,2019,D
228,8,Fall,2025,C
228,1,Fall,2025,A
228,1,Spring,2023,W
229,2,Fall,2022,A
229,19,Fall,2023,D
229,20,Fall,2022,A
229,9,Summer,2018,A
230,14,Summer,2021,F
230,3,Summer,2021,A
230,16,Spring,2025,W
231,18,Summer,2025,F
231,1,Spring,2024,F
231,2,Fall,2023,D
232,14,Fall,2018,F
232,2,Fall,2025,D
233,18,Fall,2020,D
233,6,Fall,2021,A
233,3,Spring,2025,B
234,4,Summer,2022,D
234,5,Summer,2021,W
235,19,Spring,2018,W
235,16,Summer,2019,A
235,16,Spring,2019,D
235,4,Fall,2024,C
236,14,Fall,2023,A
236,2,Spring,2020,D
237,14,Spring,2018,D
237,15,Summer,2022,D
238,17,Summer,2019,D
238,15,Fall,2019,W
238,8,Summer,2021,B
239,13,Fall,2020,A
239,1,Fall,2019,D
240,7,Fall,2022,F
240,2,Spring,2025,B
240,12,Spring,2022,F
241,9,Fall,2024,B
241,7,Fall,2024,A
242,18,Fall,2025,F
242,20,Spring,2018,C
242,8,Spring,2020,W
242,2,Spring,2022,D
243,10,Fall,2020,B
243,3,Summer,2019,B
243,20,Summer,2024,A
244,1,Summer,2019,A
244,10,Summer,2020,B
245,15,Spring,2023,F
245,10,Summer,2022,C
245,5,Spring,2024,W
245,11,Spring,2023,A
246,15,Fall,2023,A
246,19,Fall,2022,A
247,4,Spring,2025,F
247,7,Fall,2020,B
247,12,Summer,2019,F
247,16,Fall,2020,C
248,18,Fall,2023,B
248,12,Summer,2018,C
249,10,Fall,2022,F
249,13,Summer,2021,C
249,9,Summer,2022,A
250,10,Summer,2022,C
250,16,Spring,2025,F
250,16,Spring,2023,F
251,13,Spring,2019,B
251,10,Summer,2018,W
251,18,Spring,2018,B
251,14,Fall,2025,D
252,16,Summer,2025,A
252,5,Fall,2022,D
253,20,Fall,2018,B
253,6,Summer,2020,A
253,1,Summer,2018,D
254,2,Summer,2022,A
254,16,Summer,2020,D
254,20,Summer,2020,C
254,7,Fall,2023,W
255,10,Spring,2019,B
255,17,Fall,2021,B
256,8,Summer,2022,A
256,20,Spring,2024,B
257,10,Spring,2020,A
257,16,Spring,2023,F
258,10,Spring,2022,F
258,17,Fall,2020,B
258,6,Summer,2024,D
259,15,Fall,2023,A
259,15,Spring,2020,F
259,8,Fall,2023,D
260,8,Summer,2019,W
260,20,Summer,2022,W
261,20,Summer,2022,D
261,12,Summer,2024,B
261,6,Fall,2022,F
261,17,Fall,2025,C
262,19,Summer,2021,D
262,1,Summer,2022,W
262,18,Fall,2019,D
263,2,Spring,2022,F
263,5,Fall,2020,B
264,7,Summer,2024,A
264,3,Spring,2025,W
264,13,Fall,2023,C
264,20,Spring,2018,W
265,4,Spring,2022,D
265,14,Summer,2023,F
266,18,Fall,2024,D
266,17,Spring,2025,D
267,9,Summer,2022,A
267,18,Fall,2023,C
267,5,Spring,2021,C
267,14,Summer,2019,F
268,7,Summer,2021,C
268,14,Spring,2022,A
269,2,Fall,2023,F
269,9,Summer,2019,D
269,10,Fall,2023,D
269,12,Spring,2021,B
270,13,Summer,2025,B
270,17,Spring,2025,B
270,13,Summer,2021,B
270,14,Spring,2022,W
271,10,Summer,2020,D
271,12,Fall,2024,D
271,1,Fall,2024,F
271,16,Fall,2019,C
272,12,Fall,2018,A
272,5,Summer,2021,W
273,10,Summer,2019,C
273,2,Spring,2024,B
273,2,Spring,2023,C
274,9,Spring,2019,A
274,7,Summer,2019,D
274,10,Summer,2021,C
274,17,Spring,2019,D
275,9,Summer,2019,D
275,12,Spring,2022,W
275,5,Fall,2025,C
275,11,Spring,2020,B
276,18,Spring,2023,D
276,16,Summer,2025,C
276,7,Fall,2021,F
277,20,Summer,2019,C
277,5,Fall,2021,W
277,7,Fall,2023,B
278,9,Fall,2025,F
278,12,Fall,2025,D
279,16,Spring,2024,C
279,5,Spring,2018,C
279,15,Fall,2021,B
279,7,Fall,2022,A
280,13,Summer,2023,C
280,15,Summer,2022,W
281,16,Summer,2021,B
281,10,Summer,2024,D
281,18,Fall,2025,F
281,9,Spring,2019,C
282,20,Spring,2021,A
282,16,Summer,2020,W
282,7,Spring,2018,F
282,19,Fall,2022,W
283,13,Summer,2019,F
283,5,Summer,2024,W
283,18,Fall,2018,B
284,15,Summer,2025,A
284,4,Summer,2025,C
285,6,Fall,2024,D
285,5,Spring,2021,A
286,8,Summer,2024,C
286,19,Summer,2018,F
286,17,Spring,2018,F
287,16,Spring,2021,W
287,15,Summer,2025,D
288,11,Spring,2025,D
288,8,Fall,2019,A
288,11,Summer,2022,D
288,6,Summer,2024,W
289,16,Summer,2022,B
289,14,Summer,2020,F
290,3,Spring,2025,F
290,13,Fall,2024,B
290,16,Spring,2018,B
291,12,Spring,2022,W
291,12,Spring,2024,B
291,15,Fall,2025,A
292,3,Fall,2023,B
292,5,Fall,2021,C
293,18,Fall,2024,C
293,1,Summer,2024,B
293,17,Fall,2018,D
293,17,Summer,2022,C
294,16,Summer,2018,C
294,19,Fall,2022,C
294,13,Spring,2021,C
295,20,Summer,2021,W
295,11,Summer,2021,B
296,5,Fall,2019,D
296,7,Summer,2024,A
296,17,Summer,2021,B
296,3,Spring,2020,A
297,12,Summer,2022,B
297,16,Summer,2021,D
297,4,Fall,2025,A
297,18,Summer,2019,C
298,7,Fall,2020,F
298,1,Fall,2018,D
299,8,Spring,2018,W
299,18,Fall,2024,W
299,18,Summer,2019,B
299,9,Fall,2020,D
300,18,Fall,2024,F
300,18,Summer,2021,C
301,17,Fall,2021,B
301,11,Summer,2021,B
302,8,Fall,2021,F
302,1,Summer,2019,A
303,12,Summer,2021,F
303,15,Fall,2018,C
303,17,Fall,2025,B
303,19,Summer,2019,W
304,8,Fall,2025,C
304,2,Fall,2024,B
305,3,Summer,2019,F
305,4,Spring,2019,B
306,1,Fall,2024,B
306,8,Fall,2022,A
307,2,Spring,2024,W
307,17,Spring,2021,A
308,15,Fall,2024,D
308,14,Summer,2025,A
308,6,Fall,2019,W
309,8,Summer,2023,W
309,4,Spring,2025,W
310,3,Fall,2020,F
310,8,Fall,2023,C
310,8,Fall,2018,C
310,6,Summer,2022,A
311,13,Fall,2020,A
311,2,Summer,2019,A
311,6,Fall,2025,W
311,2,Spring,2018,W
312,1,Fall,2024,W
312,20,Fall,2020,B
312,7,Summer,2020,W
312,4,Summer,2025,D
313,6,Spring,2024,F
313,8,Spring,2020,A
314,5,Summer,2023,A
314,1,Summer,2024,D
315,11,Fall,2019,D
315,20,Fall,2023,A
316,14,Spring,2023,B
316,2,Fall,2025,D
316,11,Summer,2019,D
317,7,Spring,2025,C
317,11,Summer,2020,W
317,8,Fall,2019,B
318,18,Summer,2019,C
318,4,Spring,2018,D
318,18,Spring,2021,B
319,20,Summer,2018,A
319,2,Summer,2022,B
320,14,Summer,2023,A
320,18,Fall,2023,A
320,9,Fall,2021,C
321,10,Fall,2020,W
321,12,Summer,2022,B
322,16,Summer,2025,F
322,4,Fall,2021,D
323,3,Spring,2018,D
323,6,Spring,2023,A
323,8,Summer,2019,F
323,12,Spring,2023,W
324,15,Spring,2025,A
324,6,Spring,2022,W
325,11,Summer,2022,F
325,14,Spring,2023,B
325,18,Summer,2023,W
325,7,Summer,2022,D
326,1,Spring,2019,F
326,5,Summer,2020,W
326,3,Summer,2018,B
326,6,Fall,2022,B
327,19,Fall,2023,B
327,17,Fall,2024,D
328,15,Spring,2021,C
328,18,Summer,2023,A
329,7,Summer,2022,B
329,4,Fall,2023,W
329,5,Summer,2024,W
329,13,Fall,2021,F
330,4,Summer,2019,D
330,3,Fall,2025,D
330,3,Spring,2019,B
330,6,Fall,2021,F
331,4,Summer,2021,D
331,14,Spring,2025,W
331,14,Summer,2022,F
331,7,Summer,2023,F
332,10,Summer,2019,C
332,5,Fall,2021,D
332,12,Summer,2020,C
333,7,Fall,2021,D
333,2,Spring,2018,B
333,19,Spring,2019,D
334,10,Fall,2023,A
334,9,Fall,2023,D
335,8,Summer,2023,F
335,16,Summer,2020,F
336,14,Fall,2024,D
336,19,Fall,2025,F
336,10,Spring,2018,D
337,10,Fall,2021,A
337,15,Fall,2022,A
338,7,Spring,2025,B
338,4,Spring,2022,D
338,12,Fall,2024,C
339,10,Summer,2022,D
339,11,Spring,2018,A
339,19,Spring,2023,F
340,20,Summer,2025,F
340,17,Spring,2025,C
340,19,Spring,2022,C
341,13,Spring,2023,C
341,12,Fall,2024,C
342,19,Summer,2019,W
342,18,Fall,2021,B
343,4,Fall,2020,W
343,19,Fall,2019,F
343,13,Summer,2020,C
343,2,Spring,2018,B
344,7,Spring,2020,F
344,19,Spring,2020,W
345,4,Summer,2023,D
345,16,Summer,2022,D
345,16,Spring,2023,C
345,17,Spring,2020,B
346,7,Spring,2021,A
346,13,Fall,2018,W
346,16,Fall,2021,W
347,8,Spring,2018,C
347,17,Fall,2018,B
347,6,Spring,2020,W
347,1,Spring,2020,C
348,11,Spring,2021,F
348,14,Summer,2023,B
348,5,Fall,2018,B
349,5,Summer,2019,F
349,2,Summer,2021,C
349,4,Spring,2021,A
350,4,Summer,2021,B
350,7,Summer,2019,B
350,20,Summer,2019,B
350,18,Fall,2021,D
351,16,Spring,2024,F
351,2,Summer,2020,C
352,15,Spring,2024,F
352,13,Fall,2025,B
352,12,Fall,2019,C
352,19,Spring,2020,C
353,9,Summer,2023,W
353,13,Spring,2023,D
354,18,Fall,2023,C
354,7,Fall,2023,F
354,13,Summer,2019,C
354,3,Spring,2018,B
355,17,Fall,2019,C
355,19,Summer,2023,B
356,9,Fall,2020,F
356,19,Spring,2022,F
357,14,Spring,2025,A
357,17,Summer,2019,B
357,13,Spring,2024,W
358,20,Fall,2020,F
358,12,Fall,2024,B
358,10,Fall,2021,C
359,9,Fall,2025,W
359,13,Summer,2023,D
360,14,Summer,2018,D
360,12,Fall,2020,W
360,17,Spring,2025,F
360,17,Spring,2018,C
361,17,Spring,2023,B
361,16,Spring,2021,B
361,2,Summer,2023,F
361,14,Spring,2023,D
362,13,Spring,2021,F
362,18,Spring,2021,D
362,15,Spring,2025,B
363,1,Spring,2024,C
363,3,Spring,2023,A
363,3,Summer,2019,W
363,1,Summer,2023,W
364,11,Spring,2019,C
364,8,Fall,2018,D
365,12,Spring,2021,C
365,11,Spring,2019,B
365,17,Spring,2024,D
366,18,Fall,2021,A
366,6,Spring,2020,D
366,1,Spring,2019,F
366,4,Spring,2020,B
367,13,Spring,2024,B
367,8,Fall,2021,A
368,19,Spring,2023,C
368,4,Spring,2021,F
368,9,Fall,2023,C
368,16,Summer,2019,C
369,11,Summer,2021,F
369,6,Fall,2020,B
369,19,Spring,2020,F
369,19,Spring,2018,C
370,11,Fall,2019,C
370,9,Spring,2022,C
370,3,Summer,2023,A
371,12,Fall,2019,W
371,5,Fall,2022,F
371,8,Summer,2025,C
371,8,Fall,2021,W
372,12,Spring,2019,A
372,6,Spring,2023,B
373,9,Spring,2023,A
373,12,Summer,2024,W
373,8,Fall,2024,B
374,19,Summer,2023,A
374,14,Summer,2023,D
374,11,Spring,2021,F
375,13,Spring,2022,C
375,12,Spring,2019,A
375,9,Summer,2025,B
375,16,Summer,2023,F
376,3,Spring,2023,F
376,3,Summer,2022,F
377,3,Summer,2024,C
377,19,Fall,2024,D
378,9,Spring,2019,F
378,4,Fall,2021,W
379,5,Summer,2020,B
379,15,Fall,2024,D
380,16,Summer,2022,D
380,5,Summer,2022,D
380,3,Fall,2018,W
381,16,Spring,2025,F
381,12,Summer,2020,W
381,19,Summer,2020,F
382,19,Summer,2022,C
382,7,Fall,2020,F
382,20,Summer,2021,W
383,17,Summer,2025,C
383,7,Summer,2020,C
384,18,Spring,2025,B
384,13,Fall,2024,B
385,8,Spring,2019,C
385,8,Fall,2018,F
386,20,Fall,2018,C
386,14,Fall,2025,F
386,11,Spring,2020,B
387,10,Fall,2025,B
387,17,Fall,2020,W
387,18,Summer,2022,C
387,2,Fall,2020,W
388,20,Fall,2020,B
388,12,Summer,2023,F
388,5,Spring,2021,W
389,12,Spring,2025,A
389,10,Summer,2021,A
389,1,Summer,2022,F
390,1,Fall,2019,F
390,6,Spring,2023,C
390,14,Summer,2025,B
391,5,Spring,2024,A
391,20,Summer,2020,A
391,1,Summer,2022,C
392,16,Summer,2024,D
392,16,Fall,2025,W
392,20,Spring,2020,F
393,1,Spring,2025,C
393,17,Summer,2018,A
394,20,Summer,2018,W
394,4,Fall,2023,D
395,2,Fall,2022,C
395,17,Summer,2019,C
396,4,Spring,2020,B
396,7,Spring,2019,C
396,1,Summer,2023,D
396,8,Summer,2025,C
397,14,Spring,2021,W
397,4,Fall,2024,B
398,12,Fall,2019,B
398,7,Summer,2023,C
399,16,Fall,2019,W
399,16,Spring,2022,B
400,15,Summer,2021,F
400,1,Spring,2022,C
401,1,Summer,2025,C
401,3,Spring,2025,A
401,17,Spring,2021,F
402,2,Fall,2022,F
402,1,Spring,2024,F
402,4,Summer,2021,D
402,4,Summer,2025,D
403,16,Spring,2025,B
403,10,Spring,2020,W
404,5,Summer,2022,F
404,11,Fall,2023,A
405,13,Summer,2018,W
405,15,Summer,2024,D
405,15,Summer,2021,W
405,17,Summer,2022,B
406,8,Fall,2025,W
406,4,Spring,2021,B
406,12,Spring,2025,A
406,5,Spring,2024,B
407,15,Spring,2018,A
407,2,Fall,2019,D
408,20,Summer,2025,F
408,16,Fall,2021,W
408,4,Summer,2018,D
408,9,Summer,2018,W
409,14,Spring,2024,F
409,8,Summer,2024,A
409,17,Spring,2020,B
409,12,Summer,2025,D
410,15,Spring,2019,W
410,12,Fall,2023,F
411,19,Fall,2022,D
411,17,Spring,2025,D
411,8,Fall,2024,A
412,18,Summer,2023,F
412,20,Summer,2019,A
412,17,Spring,2024,F
412,11,Summer,2022,C
413,11,Fall,2025,D
413,18,Fall,2023,W
414,6,Spring,2022,W
414,4,Spring,2021,C
415,1,Spring,2018,D
415,10,Summer,2018,W
415,12,Summer,2018,D
415,20,Summer,2024,C
416,14,Summer,2025,W
416,14,Spring,2019,A
416,8,Fall,2021,A
417,14,Spring,2021,W
417,8,Spring,2025,A
418,13,Fall,2019,A
418,10,Summer,2019,W
419,4,Summer,2021,A
419,14,Summer,2025,W
420,1,Summer,2023,W
420,17,Spring,2019,C
420,8,Spring,2019,W
420,1,Fall,2020,A
421,12,Summer,2024,B
421,20,Fall,2023,A
421,8,Spring,2025,D
421,1,Spring,2023,C
422,11,Fall,2018,D
422,4,Spring,2024,D
422,19,Fall,2023,F
422,10,Summer,2025,B
423,19,Fall,2022,D
423,9,Fall,2022,W
423,4,Summer,2021,D
423,2,Spring,2024,C
424,10,Summer,2018,F
424,18,Fall,2021,F
425,19,Spring,2019,W
425,18,Spring,2023,C
425,3,Summer,2020,A
425,3,Spring,2018,W
426,15,Spring,2022,A
426,4,Summer,2023,F
426,10,Summer,2025,B
426,5,Spring,2025,C
427,13,Summer,2022,B
427,15,Summer,2022,A
427,17,Spring,2022,B
428,1,Fall,2025,W
428,12,Spring,2025,F
429,12,Summer,2019,W
429,4,Spring,2019,D
429,7,Spring,2019,A
430,16,Spring,2023,C
430,3,Spring,2022,D
431,6,Summer,2024,A
431,7,Fall,2022,D
431,14,Fall,2024,A
432,8,Fall,2022,C
432,16,Summer,2022,C
433,19,Fall,2023,D
433,7,Fall,2020,D
433,16,Summer,2024,W
434,19,Fall,2020,B
434,9,Fall,2021,W
435,11,Spring,2021,F
435,18,Spring,2020,B
435,11,Summer,2019,W
436,6,Fall,2020,F
436,20,Fall,2023,C
437,13,Fall,2022,C
437,7,Spring,2019,C
437,3,Fall,2022,F
437,17,Summer,2020,D
438,9,Summer,2023,F
438,14,Fall,2024,B
439,13,Fall,2021,W
439,8,Summer,2022,F
440,9,Summer,2023,D
440,15,Spring,2019,F
440,15,Fall,2025,B
441,20,Fall,2021,A
441,8,Summer,2022,F
441,8,Summer,2025,B
442,10,Spring,2025,D
442,18,Spring,2018,F
442,19,Fall,2023,A
442,18,Fall,2019,D
443,5,Spring,2024,W
443,4,Summer,2019,D
443,20,Summer,2020,A
443,19,Fall,2025,C
444,15,Spring,2023,B
444,16,Fall,2024,F
445,14,Fall,2024,D
445,18,Spring,2018,B
445,16,Fall,2020,F
445,6,Fall,2025,B
446,15,Summer,2021,B
446,5,Spring,2021,C
446,15,Summer,2019,B
447,4,Spring,2024,W
447,1,Spring,2022,C
448,17,Summer,2020,F
448,10,Fall,2023,W
448,5,Summer,2024,B
448,8,Spring,2022,F
449,14,Spring,2020,B
449,7,Summer,2019,F
449,2,Spring,2023,F
449,18,Spring,2021,A
450,1,Fall,2019,D
450,15,Summer,2020,B
450,3,Fall,2018,B
450,12,Fall,2019,D
451,3,Spring,2018,D
451,6,Fall,2023,D
451,3,Fall,2023,W
452,20,Summer,2020,W
452,3,Spring,2018,F
452,19,Summer,2021,A
453,9,Summer,2021,C
453,6,Fall,2019,F
453,14,Summer,2019,B
454,7,Summer,2020,F
454,17,Summer,2019,W
454,8,Summer,2021,C
454,12,Fall,2024,B
455,10,Spring,2024,A
455,6,Spring,2025,A
456,10,Summer,2019,D
456,18,Spring,2022,B
456,6,Summer,2021,B
456,5,Summer,2024,F
457,20,Spring,2021,F
457,14,Spring,2021,F
457,17,Summer,2024,D
458,11,Fall,2021,F
458,5,Fall,2022,C
458,17,Summer,2022,F
459,11,Summer,2023,C
459,11,Summer,2022,C
459,20,Summer,2025,A
459,5,Spring,2022,C
460,9,Spring,2025,F
460,8,Fall,2022,D
461,2,Summer,2022,B
461,14,Spring,2022,W
461,20,Fall,2020,C
461,1,Spring,2022,C
462,13,Summer,2020,B
462,16,Fall,2022,W
462,17,Summer,2019,A
462,1,Summer,2023,W
463,12,Spring,2019,B
463,17,Spring,2019,F
463,6,Spring,2020,D
463,3,Spring,2018,A
464,17,Fall,2025,B
464,9,Summer,2023,B
465,15,Spring,2022,F
465,2,Spring,2023,C
466,8,Summer,2022,F
466,5,Fall,2018,B
466,1,Fall,2023,A
466,3,Spring,2025,D
467,20,Spring,2025,F
467,15,Summer,2021,C
467,5,Spring,2019,A
467,20,Spring,2023,F
468,9,Summer,2023,F
468,4,Spring,2024,F
468,20,Fall,2024,W
468,8,Fall,2019,A
469,9,Summer,2021,C
469,16,Fall,2022,F
469,7,Summer,2018,W
470,8,Summer,2022,A
470,1,Fall,2018,C
470,14,Spring,2019,A
470,2,Summer,2024,W
471,6,Summer,2021,F
471,14,Fall,2023,W
472,2,Fall,2023,W
472,20,Spring,2020,C
472,8,Spring,2018,F
472,11,Fall,2024,A
473,14,Spring,2024,C
473,14,Spring,2021,C
474,20,Fall,2021,D
474,2,Summer,2021,A
475,12,Fall,2024,C
475,20,Spring,2021,F
475,5,Summer,2023,W
476,2,Fall,2022,F
476,3,Spring,2020,D
476,5,Spring,2023,D
477,19,Spring,2019,F
477,11,Fall,2020,F
477,16,Fall,2018,W
478,14,Spring,2025,A
478,2,Spring,2024,C
478,3,Summer,2023,A
479,16,Fall,2021,C
479,2,Fall,2018,C
480,12,Summer,2023,C
480,9,Spring,2018,W
481,16,Fall,2022,C
481,9,Fall,2025,D
481,1,Fall,2025,B
482,19,Spring,2019,C
482,6,Spring,2021,A
482,1,Spring,2021,F
482,9,Fall,2020,W
483,19,Fall,2019,D
483,16,Summer,2023,W
484,5,Summer,2021,D
484,2,Spring,2023,W
485,5,Fall,2021,D
485,1,Summer,2025,W
485,18,Spring,2023,B
486,4,Summer,2023,D
486,11,Spring,2023,F
486,13,Fall,2025,W
486,12,Spring,2024,F
487,1,Spring,2025,B
487,17,Spring,2019,D
487,16,Fall,2022,C
488,17,Fall,2023,D
488,9,Summer,2021,A
489,3,Fall,2019,W
489,14,Summer,2019,F
490,15,Spring,2025,A
490,6,Summer,2020,B
490,19,Fall,2020,A
491,14,Summer,2022,B
491,20,Spring,2019,D
491,8,Summer,2019,A
491,4,Summer,2018,C
492,12,Summer,2024,W
492,6,Spring,2021,W
492,1,Spring,2020,F
492,9,Summer,2023,C
493,12,Summer,2022,C
493,20,Summer,2024,A
493,2,Fall,2020,A
494,10,Summer,2021,A
494,5,Summer,2023,B
494,14,Spring,2022,W
494,14,Spring,2019,A
495,1,Summer,2024,C
495,1,Summer,2019,W
495,15,Summer,2024,D
496,14,Summer,2018,C
496,14,Spring,2023,W
496,11,Spring,2024,D
497,5,Spring,2023,C
497,1,Fall,2025,W
497,18,Summer,2024,D
497,16,Fall,2023,A
498,13,Spring,2022,F
498,6,Spring,2025,W
498,13,Spring,2021,B
499,10,Spring,2021,A
499,9,Fall,2023,B
499,1,Spring,2021,B
499,18,Fall,2023,F
500,17,Spring,2018,C
500,4,Summer,2022,D
500,4,Spring,2018,F
501,1,Spring,2024,F
501,4,Fall,2023,D
502,20,Spring,2023,A
502,13,Fall,2020,C
503,19,Spring,2019,A
503,4,Spring,2018,B
503,13,Summer,2024,B
503,4,Summer,2024,W
504,8,Fall,2019,B
504,11,Summer,2019,D
504,5,Spring,2025,B
504,14,Spring,2020,A
505,12,Summer,2020,C
505,4,Summer,2024,F
505,6,Spring,2018,D
505,2,Spring,2024,A
506,14,Spring,2018,A
506,7,Spring,2020,F
507,5,Spring,2022,D
507,11,Summer,2019,C
507,1,Fall,2018,F
508,1,Spring,2022,A
508,5,Spring,2024,D
508,7,Summer,2025,C
509,3,Fall,2024,W
509,11,Spring,2025,W
510,1,Fall,2023,F
510,7,Summer,2018,C
510,15,Spring,2021,C
510,17,Fall,2025,W
511,1,Summer,2018,W
511,6,Fall,2025,D
512,11,Fall,2021,W
512,13,Summer,2021,A
512,3,Fall,2023,F
512,16,Summer,2025,D
513,5,Spring,2021,F
513,8,Fall,2025,B
513,2,Summer,2025,A
513,18,Spring,2020,B
514,5,Spring,2022,B
514,13,Summer,2024,W
515,10,Spring,2022,C
515,16,Spring,2021,C
516,5,Spring,2020,F
516,17,Spring,2020,A
516,20,Fall,2024,F
517,1,Fall,2021,B
517,12,Spring,2023,C
518,1,Summer,2022,B
518,13,Spring,2025,B
519,20,Fall,2019,C
519,4,Fall,2021,D
519,10,Spring,2022,C
519,17,Summer,2018,B
520,9,Spring,2020,A
520,20,Summer,2025,D
520,6,Summer,2025,B
521,19,Summer,2018,W
521,12,Fall,2024,F
521,5,Summer,2020,A
521,19,Spring,2022,D
522,12,Summer,2025,B
522,12,Spring,2019,C
523,17,Fall,2022,F
523,5,Spring,2022,A
523,2,Fall,2025,F
524,12,Spring,2024,B
524,10,Fall,2025,W
524,7,Fall,2019,B
524,7,Fall,2023,W
525,19,Spring,2023,W
525,12,Summer,2020,C
526,11,Summer,2021,C
526,9,Fall,2022,A
527,18,Summer,2018,C
527,7,Spring,2022,B
527,9,Fall,2020,W
527,15,Fall,2024,B
528,18,Summer,2018,D
528,1,Spring,2019,A
528,3,Summer,2018,D
529,13,Summer,2022,F
529,6,Fall,2022,F
529,4,Summer,2019,B
529,17,Spring,2021,A
530,5,Spring,2018,B
530,2,Spring,2020,W
530,18,Spring,2020,W
531,20,Summer,2022,C
531,8,Spring,2023,F
532,20,Summer,2020,W
532,8,Fall,2019,F
532,4,Summer,2025,C
532,17,Spring,2020,W
533,14,Spring,2020,W
533,17,Spring,2025,W
533,17,Summer,2021,W
533,17,Fall,2020,D
534,4,Fall,2025,B
534,5,Spring,2020,A
534,18,Spring,2021,W
535,1,Summer,2019,B
535,12,Fall,2019,A
535,15,Fall,2022,C
535,13,Fall,2020,F
536,8,Summer,2018,D
536,16,Fall,2024,F
537,3,Fall,2024,D
537,13,Fall,2020,D
537,11,Fall,2018,W
537,11,Summer,2023,F
538,8,Summer,2022,A
538,15,Summer,2022,A
539,15,Summer,2023,B
539,1,Fall,2024,D
539,7,Spring,2023,C
539,6,Spring,2025,W
540,1,Summer,2020,W
540,5,Spring,2021,B
541,19,Summer,2024,C
541,9,Fall,2025,C
542,17,Fall,2023,C
542,10,Spring,2018,B
542,20,Summer,2024,W
543,17,Summer,2022,D
543,11,Fall,2023,F
544,16,Fall,2020,C
544,11,Summer,2023,B
544,20,Summer,2024,F
544,13,Summer,2018,W
545,9,Summer,2021,W
545,14,Summer,2019,W
545,16,Summer,2018,B
545,2,Spring,2023,D
546,7,Spring,2022,W
546,15,Summer,2019,F
547,13,Summer,2024,A
547,16,Fall,2019,A
548,13,Spring,2021,D
548,2,Spring,2022,A
548,5,Summer,2018,B
548,20,Spring,2025,B
549,2,Fall,2022,A
549,19,Summer,2024,C
549,1,Fall,2018,A
549,9,Fall,2019,C
550,1,Fall,2018,W
550,5,Spring,2020,D
551,3,Summer,2019,D
551,3,Fall,2019,A
552,9,Spring,2024,A
552,5,Summer,2024,A
552,12,Fall,2022,C
552,10,Spring,2019,A
553,9,Spring,2024,D
553,3,Spring,2023,W
553,18,Spring,2025,C
553,6,Spring,2022,C
554,19,Spring,2022,F
554,10,Summer,2020,W
555,9,Summer,2018,D
555,6,Spring,2019,B
556,18,Spring,2021,A
556,20,Spring,2020,D
556,1,Spring,2023,B
557,6,Spring,2025,C
557,2,Fall,2020,C
558,10,Spring,2024,C
558,13,Fall,2023,B
559,16,Fall,2021,D
559,10,Fall,2021,D
559,17,Fall,2021,A
560,18,Spring,2021,W
560,9,Fall,2023,B
561,16,Summer,2018,A
561,14,Spring,2023,W
561,20,Fall,2021,W
561,8,Fall,2023,D
562,1,Summer,2025,D
562,5,Summer,2025,A
562,8,Summer,2022,B
563,1,Spring,2019,F
563,14,Spring,2018,D
564,14,Summer,2021,C
564,1,Summer,2020,A
564,11,Spring,2024,F
565,20,Summer,2018,B
565,5,Fall,2021,C
566,3,Spring,2024,B
566,15,Spring,2020,W
566,18,Fall,2022,A
566,7,Summer,2020,C
567,10,Summer,2023,F
567,2,Fall,2020,C
567,20,Summer,2018,C
567,2,Fall,2019,C
568,5,Spring,2024,A
568,14,Summer,2023,W
569,12,Fall,2018,C
569,5,Spring,2024,C
569,11,Fall,2021,A
570,2,Spring,2023,B
570,19,Summer,2018,A
570,11,Spring,2019,F
571,3,Spring,2018,F
571,3,Summer,2021,F
571,1,Fall,2024,F
572,16,Spring,2025,W
572,15,Fall,2021,F
573,12,Summer,2022,B
573,7,Fall,2025,F
574,15,Spring,2022,C
574,5,Fall,2021,A
574,9,Fall,2025,A
574,15,Fall,2023,A
575,11,Summer,2021,B
575,18,Fall,2022,C
575,3,Spring,2022,D
575,10,Fall,2024,W
576,17,Spring,2023,D
576,14,Fall,2019,A
576,14,Fall,2024,D
576,6,Summer,2019,C
577,10,Fall,2021,C
577,6,Summer,2021,D
577,20,Fall,2021,W
577,20,Spring,2018,B
578,12,Fall,2021,B
578,8,Summer,2020,B
578,16,Fall,2025,C
578,17,Spring,2020,C
579,17,Summer,2025,W
579,20,Summer,2021,F
579,4,Fall,2019,D
580,1,Spring,2019,D
580,15,Fall,2023,A
581,3,Summer,2025,C
581,14,Summer,2018,W
582,17,Summer,2024,C
582,18,Summer,2025,W
583,10,Spring,2020,C
583,5,Summer,2020,D
584,20,Fall,2023,A
584,6,Summer,2018,A
585,14,Spring,2021,A
585,2,Spring,2021,D
585,1,Fall,2018,B
585,5,Fall,2019,C
586,2,Fall,2024,W
586,4,Summer,2025,F
586,6,Summer,2019,D
586,13,Spring,2020,B
587,2,Fall,2023,B
587,15,Summer,2024,C
587,5,Fall,2024,W
587,2,Spring,2021,W
588,4,Spring,2020,C
588,8,Spring,2022,C
589,16,Fall,2021,C
589,16,Summer,2018,B
589,3,Spring,2025,D
589,20,Fall,2018,C
590,4,Fall,2024,F
590,1,Summer,2025,C
590,19,Fall,2023,B
591,17,Fall,2023,W
591,16,Spring,2018,B
592,18,Summer,2020,D
592,20,Summer,2018,D
593,18,Summer,2020,B
593,5,Spring,2022,W
594,18,Summer,2023,C
594,3,Summer,2018,C
594,15,Fall,2021,F
595,14,Spring,2018,A
595,18,Summer,2022,D
595,16,Spring,2020,B
596,9,Summer,2024,A
596,7,Spring,2024,A
596,6,Spring,2024,C
597,3,Fall,2022,B
597,18,Fall,2021,D
598,14,Fall,2022,W
598,4,Summer,2020,F
599,14,Summer,2024,B
599,6,Summer,2022,B
599,1,Fall,2018,A
599,14,Fall,2023,B
600,2,Spring,2020,C
600,5,Summer,2019,F
600,12,Fall,2023,B
600,11,Fall,2022,W
601,16,Spring,2020,W
601,20,Fall,2024,D
601,14,Summer,2020,D
602,18,Fall,2025,D
602,9,Summer,2019,W
602,11,Summer,2018,A
603,6,Summer,2020,W
603,13,Summer,2024,W
603,10,Spring,2020,D
603,20,Fall,2021,C
604,14,Fall,2025,W
604,14,Summer,2025,B
604,8,Fall,2021,A
605,3,Fall,2020,D
605,11,Spring,2025,F
605,13,Fall,2018,A
605,18,Spring,2023,D
606,17,Summer,2022,B
606,15,Fall,2023,D
607,13,Spring,2019,F
607,16,Spring,2019,B
607,13,Spring,2024,F
608,5,Summer,2019,W
608,16,Spring,2023,F
608,17,Spring,2025,A
609,9,Fall,2022,D
609,8,Spring,2020,C
610,9,Summer,2023,A
610,15,Fall,2022,A
610,1,Spring,2019,A
611,10,Fall,2019,C
611,1,Summer,2023,A
611,11,Summer,2025,A
612,5,Summer,2023,D
612,20,Summer,2022,A
612,2,Fall,2020,B
612,13,Summer,2020,F
613,7,Spring,2018,B
613,10,Spring,2024,C
614,7,Fall,2021,F
614,5,Fall,2025,W
615,12,Spring,2025,F
615,4,Fall,2018,B
616,7,Spring,2025,F
616,10,Summer,2025,C
616,13,Fall,2021,D
617,7,Spring,2022,D
617,20,Summer,2023,F
617,19,Fall,2022,C
617,6,Summer,2024,D
618,9,Fall,2025,W
618,6,Fall,2025,F
618,16,Summer,2021,A
618,11,Summer,2018,D
619,4,Summer,2024,D
619,11,Fall,2022,W
619,10,Spring,2019,C
620,19,Spring,2025,D
620,17,Summer,2020,W
620,2,Fall,2024,D
621,6,Fall,2020,F
621,12,Fall,2022,D
621,11,Spring,2024,W
622,4,Spring,2023,F
622,4,Spring,2018,W
623,20,Summer,2025,B
623,8,Fall,2019,F
623,11,Summer,2022,W
623,5,Fall,2021,B
624,15,Fall,2019,A
624,1,Spring,2021,F
625,7,Summer,2019,F
625,17,Summer,2019,F
625,1,Spring,2024,D
625,6,Fall,2024,A
626,18,Summer,2022,F
626,5,Summer,2018,B
626,12,Spring,2023,C
626,2,Spring,2023,B
627,12,Fall,2024,B
627,19,Summer,2021,F
628,13,Fall,2018,A
628,20,Fall,2020,F
629,3,Summer,2024,B
629,12,Spring,2023,W
629,11,Spring,2021,A
629,15,Summer,2022,A
630,19,Fall,2019,C
630,4,Fall,2023,A
630,13,Spring,2024,F
630,12,Fall,2021,W
631,13,Spring,2021,B
631,17,Spring,2019,F
631,11,Spring,2021,W
631,2,Spring,2023,B
632,1,Fall,2024,A
632,17,Summer,2022,F
632,12,Summer,2019,A
633,1,Spring,2021,B
633,15,Spring,2022,W
633,16,Summer,2018,C
633,3,Fall,2022,F
634,14,Summer,2019,B
634,2,Spring,2023,W
635,17,Spring,2021,W
635,20,Fall,2022,B
635,3,Summer,2019,C
635,14,Summer,2023,D
636,3,Fall,2023,B
636,5,Summer,2020,B
636,17,Spring,2020,W
636,10,Summer,2019,A
637,5,Fall,2025,D
637,4,Summer,2024,B
638,13,Spring,2019,B
638,12,Summer,2025,F
638,12,Fall,2024,D
639,15,Spring,2025,W
639,15,Fall,2024,F
639,16,Spring,2024,A
640,20,Spring,2025,W
640,4,Spring,2024,C
640,11,Fall,2022,D
640,4,Summer,2022,C
641,12,Fall,2020,A
641,15,Fall,2023,F
641,10,Spring,2019,W
642,1,Spring,2025,B
642,15,Summer,2023,B
642,3,Spring,2022,B
643,18,Fall,2019,F
643,5,Spring,2018,A
644,7,Fall,2023,F
644,3,Fall,2023,C
644,5,Summer,2020,B
645,9,Fall,2025,A
645,5,Summer,2025,B
645,2,Summer,2025,B
646,19,Summer,2020,D
646,14,Fall,2023,W
646,10,Summer,2024,F
646,19,Spring,2025,A
647,20,Spring,2019,F
647,20,Summer,2022,F
647,13,Summer,2021,W
647,5,Summer,2022,A
648,6,Summer,2022,A
648,5,Spring,2021,B
649,4,Fall,2024,C
649,16,Spring,2020,A
649,19,Summer,2022,F
650,6,Fall,2025,W
650,12,Spring,2024,B
651,10,Summer,2020,D
651,16,Summer,2018,C
652,18,Spring,2022,B
652,2,Summer,2024,D
652,8,Spring,2021,C
652,16,Fall,2018,D
653,17,Fall,2023,F
653,10,Fall,2025,F
653,18,Spring,2021,W
654,13,Spring,2024,W
654,8,Fall,2021,C
655,6,Spring,2021,B
655,19,Summer,2025,F
655,10,Summer,2023,W
656,7,Summer,2024,C
656,11,Summer,2022,W
656,7,Spring,2025,W
656,2,Spring,2024,C
657,17,Spring,2024,F
657,7,Spring,2021,D
657,1,Spring,2019,F
658,11,Summer,2018,F
658,18,Summer,2025,B
658,4,Spring,2025,W
658,1,Fall,2022,B
659,7,Summer,2020,A
659,8,Fall,2018,D
659,1,Spring,2024,C
659,19,Fall,2019,C
660,8,Summer,2024,A
660,3,Fall,2023,D
660,10,Summer,2024,B
661,17,Fall,2019,A
661,17,Fall,2022,W
661,4,Summer,2021,W
662,2,Spring,2025,F
662,17,Fall,2019,A
662,14,Summer,2022,F
663,7,Fall,2025,C
663,10,Fall,2022,W
663,9,Spring,2025,A
664,20,Fall,2020,D
664,19,Fall,2022,W
664,5,Summer,2023,W
664,12,Fall,2024,W
665,9,Summer,2019,C
665,16,Fall,2025,C
666,10,Summer,2020,W
666,8,Fall,2024,D
666,16,Spring,2024,B
666,14,Spring,2022,C
667,11,Fall,2025,W
667,15,Fall,2019,A
668,3,Fall,2019,B
668,5,Summer,2020,D
668,10,Spring,2019,W
668,2,Summer,2021,W
669,6,Fall,2023,A
669,5,Spring,2020,D
669,15,Spring,2019,D
669,4,Fall,2019,A
670,15,Spring,2018,F
670,16,Summer,2024,W
670,17,Summer,2020,C
670,1,Spring,2024,F
671,4,Spring,2024,C
671,14,Fall,2019,D
671,11,Spring,2020,B
672,14,Fall,2019,A
672,17,Summer,2020,F
673,19,Fall,2025,W
673,1,Fall,2020,F
673,14,Spring,2020,C
674,20,Fall,2025,W
674,15,Fall,2022,B
674,4,Summer,2020,C
675,15,Fall,2020,F
675,5,Summer,2021,A
675,4,Fall,2023,B
676,6,Spring,2023,A
676,2,Spring,2019,D
676,3,Spring,2022,B
677,2,Spring,2018,D
677,3,Fall,2022,A
678,6,Fall,2018,B
678,18,Fall,2018,D
679,9,Spring,2018,D
679,3,Summer,2025,C
679,1,Spring,2021,C
680,13,Summer,2019,F
680,18,Summer,2024,C
680,1,Spring,2024,F
681,5,Fall,2025,A
681,6,Fall,2018,F
681,19,Fall,2025,W
681,12,Spring,2018,B
682,1,Fall,2018,W
682,13,Spring,2025,D
683,4,Fall,2023,W
683,17,Summer,2023,A
684,13,Summer,2021,C
684,11,Summer,2018,B
684,13,Summer,2019,B
684,15,Summer,2023,B
685,1,Fall,2021,A
685,13,Fall,2021,W
685,20,Summer,2018,B
685,2,Summer,2018,F
686,12,Spring,2021,B
686,6,Summer,2024,F
687,20,Summer,2024,A
687,6,Spring,2020,D
687,18,Summer,2024,A
688,11,Spring,2024,F
688,4,Spring,2020,D
689,10,Spring,2025,F
689,3,Summer,2019,C
690,19,Spring,2024,W
690,19,Summer,2018,F
690,8,Fall,2023,A
690,6,Summer,2019,D
691,14,Spring,2024,A
691,13,Fall,2025,B
691,2,Fall,2019,B
691,17,Fall,2018,F
692,1,Spring,2019,C
692,12,Summer,2019,A
692,8,Summer,2018,F
693,1,Summer,2021,C
693,12,Summer,2023,A
693,11,Fall,2019,A
693,9,Spring,2025,F
694,17,Spring,2024,B
694,12,Spring,2023,F
695,18,Spring,2024,A
695,4,Fall,2024,C
695,4,Fall,2025,W
696,5,Spring,2020,W
696,12,Fall,2025,B
696,5,Fall,2020,A
696,19,Fall,2025,D
697,4,Summer,2019,F
697,10,Fall,2023,F
697,15,Summer,2018,W
697,9,Fall,2018,W
698,3,Summer,2020,B
698,14,Summer,2025,C
698,11,Fall,2020,C
699,18,Fall,2020,B
699,15,Fall,2018,B
699,19,Spring,2021,W
700,9,Fall,2023,W
700,15,Fall,2020,F
700,9,Spring,2021,D
701,8,Summer,2023,C
701,9,Spring,2018,F
701,14,Spring,2020,A
702,20,Spring,2024,A
702,1,Spring,2019,B
702,1,Spring,2023,C
703,9,Fall,2021,D
703,19,Fall,2021,F
703,10,Summer,2023,W
703,18,Fall,2024,F
704,16,Summer,2024,A
704,15,Summer,2020,C
704,16,Summer,2021,A
705,5,Summer,2023,B
705,6,Fall,2018,F
705,10,Fall,2023,F
706,4,Summer,2023,A
706,2,Spring,2024,F
706,6,Fall,2024,B
706,9,Summer,2023,F
707,4,Fall,2024,F
707,4,Summer,2022,C
707,15,Fall,2020,F
708,8,Summer,2024,A
708,2,Summer,2019,C
708,8,Fall,2023,W
709,14,Summer,2021,D
709,2,Spring,2018,F
710,6,Fall,2025,B
710,15,Fall,2019,W
710,3,Fall,2023,B
710,5,Spring,2019,W
711,18,Fall,2024,C
711,10,Spring,2018,W
712,14,Summer,2019,D
712,4,Fall,2024,B
712,7,Spring,2025,C
713,17,Spring,2021,A
713,18,Summer,2021,D
713,20,Summer,2024,A
713,10,Fall,2021,A
714,17,Fall,2023,C
714,15,Spring,2024,F
714,20,Summer,2018,C
714,13,Summer,2022,D
715,7,Fall,2020,D
715,3,Fall,2023,D
715,18,Spring,2021,F
715,17,Spring,2018,B
716,10,Spring,2023,F
716,6,Spring,2023,W
716,6,Fall,2018,F
716,9,Spring,2018,F
717,8,Fall,2021,C
717,15,Fall,2019,B
717,2,Summer,2020,W
717,19,Fall,2019,F
718,18,Fall,2021,D
718,11,Summer,2020,W
718,5,Summer,2022,F
718,7,Fall,2020,A
719,19,Spring,2019,W
719,17,Fall,2023,D
719,5,Summer,2022,W
719,8,Spring,2022,F
720,10,Summer,2018,C
720,18,Spring,2020,B
720,9,Fall,2024,F
721,20,Spring,2019,C
721,18,Fall,2023,F
722,9,Spring,2020,D
722,15,Spring,2020,W
722,3,Fall,2021,A
723,19,Spring,2018,C
723,17,Summer,2020,W
723,17,Spring,2021,A
724,12,Summer,2025,B
724,3,Fall,2022,W
724,16,Spring,2021,B
724,20,Fall,2024,C
725,11,Spring,2018,D
725,15,Fall,2018,C
726,9,Summer,2024,D
726,10,Spring,2020,C
727,5,Summer,2022,W
727,12,Fall,2018,F
728,7,Summer,2025,W
728,15,Fall,2025,B
728,16,Fall,2021,F
729,12,Fall,2021,C
729,16,Spring,2020,F
729,19,Spring,2021,B
730,15,Summer,2025,B
730,11,Spring,2025,W
730,3,Spring,2021,F
731,3,Summer,2018,C
731,19,Summer,2019,W
732,8,Spring,2018,F
732,12,Spring,2018,F
733,20,Summer,2023,C
733,20,Spring,2018,F
733,5,Summer,2025,A
733,9,Summer,2024,D
734,2,Spring,2020,F
734,9,Summer,2020,D
734,8,Fall,2018,F
734,8,Summer,2024,W
735,19,Fall,2022,A
735,4,Summer,2019,B
735,17,Spring,2022,F
735,13,Summer,2019,D
736,7,Fall,2025,C
736,7,Spring,2020,B
736,15,Summer,2023,C
737,7,Fall,2022,D
737,2,Fall,2020,B
737,17,Fall,2025,C
738,7,Spring,2023,C
738,9,Fall,2022,F
739,6,Fall,2018,A
739,14,Fall,2023,B
740,15,Fall,2020,W
740,11,Spring,2021,A
741,13,Fall,2022,A
741,11,Fall,2023,W
741,15,Fall,2019,A
741,8,Summer,2022,C
742,3,Spring,2020,F
742,2,Fall,2023,D
742,9,Summer,2022,C
743,16,Fall,2018,C
743,14,Spring,2018,C
744,17,Summer,2018,C
744,11,Fall,2021,F
744,20,Fall,2021,F
744,4,Fall,2020,F
745,18,Fall,2019,B
745,13,Spring,2020,W
745,19,Summer,2022,B
746,13,Fall,2020,W
746,10,Spring,2021,F
746,13,Fall,2019,D
746,9,Spring,2021,F
747,14,Spring,2021,A
747,13,Summer,2018,D
748,2,Spring,2018,F
748,12,Summer,2025,F
748,11,Fall,2020,C
748,2,Spring,2023,F
749,12,Summer,2021,D
749,10,Spring,2020,C
750,10,Summer,2019,W
750,15,Spring,2020,F
750,3,Fall,2025,C
751,16,Summer,2024,W
751,4,Summer,2022,A
751,2,Summer,2022,B
751,17,Fall,2024,D
752,10,Spring,2018,D
752,2,Summer,2024,W
753,3,Summer,2019,F
753,9,Summer,2025,C
753,3,Fall,2018,B
753,7,Summer,2023,C
754,2,Fall,2019,F
754,14,Summer,2023,A
754,10,Summer,2023,F
754,18,Spring,2025,F
755,11,Spring,2019,F
755,14,Fall,2023,F
756,6,Fall,2022,F
756,2,Summer,2023,B
756,7,Fall,2023,A
757,6,Summer,2019,F
757,16,Spring,2020,W
758,13,Spring,2018,C
758,12,Fall,2018,F
758,9,Spring,2025,A
758,5,Spring,2019,W
759,9,Spring,2023,F
759,2,Summer,2021,B
760,20,Spring,2023,A
760,6,Fall,2018,F
761,16,Summer,2021,D
761,3,Spring,2022,D
761,1,Spring,2021,D
762,7,Fall,2023,F
762,3,Spring,2023,W
762,2,Spring,2022,F
762,2,Summer,2022,C
763,11,Fall,2023,B
763,11,Summer,2022,A
763,14,Spring,2024,W
764,20,Fall,2023,F
764,17,Summer,2025,C
765,17,Spring,2023,D
765,12,Fall,2021,D
766,13,Summer,2021,C
766,7,Spring,2025,W
766,20,Summer,2019,B
767,11,Fall,2025,W
767,7,Fall,2025,F
767,14,Spring,2024,D
767,2,Spring,2023,C
768,12,Fall,2025,C
768,4,Spring,2023,C
768,10,Spring,2019,C
768,17,Summer,2020,F
769,9,Spring,2018,B
769,14,Spring,2023,D
770,7,Summer,2024,C
770,3,Fall,2022,D
770,8,Summer,2018,A
770,14,Spring,2018,B
771,15,Summer,2021,W
771,20,Spring,2024,A
772,1,Summer,2024,W
772,16,Spring,2018,A
773,1,Summer,2024,W
773,14,Fall,2024,W
773,7,Spring,2020,W
773,20,Fall,2023,C
774,4,Spring,2021,A
774,19,Spring,2023,W
774,8,Spring,2024,D
774,6,Spring,2025,B
775,19,Summer,2021,A
775,9,Summer,2022,W
775,7,Spring,2022,F
775,14,Summer,2025,D
776,4,Summer,2024,D
776,5,Fall,2018,D
776,2,Summer,2023,W
776,19,Fall,2021,B
777,3,Fall,2019,D
777,10,Spring,2024,B
777,2,Fall,2022,B
778,17,Fall,2023,D
778,20,Summer,2019,C
778,7,Summer,2019,C
778,19,Fall,2021,F
779,2,Fall,2022,W
779,2,Summer,2020,D
780,14,Summer,2025,A
780,12,Summer,2022,C
781,7,Fall,2022,F
781,1,Spring,2022,F
781,11,Summer,2021,C
782,8,Fall,2019,F
782,4,Spring,2020,C
783,19,Spring,2019,F
783,20,Fall,2018,D
783,7,Spring,2020,A
783,8,Summer,2019,D
784,5,Spring,2025,B
784,10,Summer,2025,F
784,9,Fall,2020,A
784,15,Fall,2018,A
785,6,Summer,2023,W
785,7,Spring,2025,A
785,2,Spring,2023,W
786,16,Fall,2019,D
786,10,Summer,2023,B
787,3,Summer,2023,F
787,15,Fall,2019,B
788,17,Fall,2020,F
788,10,Fall,2021,B
789,14,Fall,2018,B
789,13,Spring,2019,W
789,9,Spring,2020,C
789,11,Summer,2023,W
790,1,Fall,2023,B
790,9,Spring,2021,W
790,7,Fall,2024,A
791,1,Fall,2024,W
791,4,Fall,2019,F
791,15,Summer,2021,W
792,1,Summer,2024,B
792,3,Spring,2020,A
792,8,Fall,2020,C
793,13,Fall,2018,C
793,14,Fall,2018,W
793,1,Fall,2020,C
794,9,Fall,2020,A
794,17,Summer,2024,A
794,7,Spring,2020,D
795,10,Fall,2021,D
795,8,Summer,2020,C
796,10,Spring,2021,C
796,15,Summer,2021,F
796,5,Summer,2019,D
796,9,Summer,2021,D
797,18,Spring,2025,W
797,20,Summer,2024,A
797,1,Spring,2018,W
797,12,Summer,2022,W
798,20,Fall,2018,W
798,7,Summer,2019,C
798,12,Fall,2023,C
799,16,Summer,2018,C
799,6,Spring,2018,A
799,16,Fall,2022,W
799,18,Summer,2023,C
800,13,Summer,2018,F
800,6,Spring,2020,D
800,1,Fall,2025,C
801,6,Summer,2022,D
801,2,Fall,2018,A
801,15,Summer,2019,B
801,10,Fall,2023,F
802,1,Fall,2021,A
802,7,Summer,2022,A
802,11,Spring,2022,D
802,10,Fall,2025,D
803,10,Spring,2019,W
803,16,Summer,2024,A
803,8,Summer,2023,D
804,14,Fall,2025,C
804,5,Summer,2023,A
804,14,Spring,2024,A
804,5,Summer,2025,B
805,9,Spring,2021,B
805,9,Summer,2025,B
805,19,Spring,2023,F
805,8,Fall,2022,C
806,14,Summer,2021,C
806,19,Spring,2018,C
806,7,Summer,2021,A
807,5,Fall,2018,B
807,10,Summer,2022,C
807,6,Fall,2022,B
807,20,Summer,2018,B
808,19,Spring,2025,A
808,7,Spring,2025,D
809,3,Summer,2018,D
809,15,Summer,2018,C
809,16,Spring,2019,A
809,1,Fall,2021,W
810,2,Spring,2022,B
810,13,Spring,2021,D
811,18,Summer,2020,C
811,19,Summer,2018,F
811,14,Fall,2024,C
811,5,Fall,2025,F
812,9,Fall,2025,B
812,9,Fall,2018,C
813,16,Fall,2025,F
813,16,Spring,2024,A
813,12,Spring,2023,C
814,17,Spring,2022,F
814,8,Fall,2019,A
815,18,Spring,2019,F
815,4,Spring,2022,B
815,11,Summer,2025,C
815,4,Summer,2025,D
816,19,Spring,2018,A
816,14,Summer,2022,B
816,6,Spring,2023,W
816,9,Spring,2018,C
817,15,Summer,2019,D
817,6,Fall,2025,A
817,20,Fall,2018,F
817,9,Fall,2021,W
818,14,Spring,2024,C
818,5,Summer,2020,B
819,15,Fall,2024,F
819,5,Summer,2022,B
820,7,Summer,2024,F
820,2,Fall,2022,C
821,11,Fall,2021,W
821,10,Spring,2019,A
822,17,Summer,2024,D
822,3,Summer,2025,D
823,2,Fall,2019,F
823,3,Summer,2023,A
823,20,Spring,2022,A
824,19,Fall,2020,C
824,18,Fall,2025,B
824,4,Spring,2019,A
824,9,Fall,2024,W
825,3,Summer,2020,W
825,15,Summer,2018,C
825,19,Fall,2024,C
826,14,Summer,2021,B
826,17,Spring,2020,C
826,18,Summer,2021,A
826,1,Spring,2020,C
827,17,Summer,2025,C
827,5,Fall,2018,A
827,11,Summer,2022,D
828,1,Spring,2021,D
828,1,Summer,2023,B
829,12,Fall,2020,B
829,12,Summer,2018,D
829,20,Spring,2019,C
830,1,Fall,2024,W
830,12,Fall,2022,A
830,18,Summer,2019,A
830,20,Summer,2019,F
831,13,Fall,2021,W
831,19,Fall,2024,F
831,9,Summer,2019,F
831,3,Spring,2020,B
832,7,Summer,2024,F
832,11,Summer,2022,A
832,7,Fall,2023,F
833,5,Summer,2019,F
833,7,Summer,2022,B
833,5,Spring,2023,D
833,15,Spring,2023,D
834,5,Summer,2025,F
834,18,Spring,2024,B
834,12,Fall,2024,A
835,5,Summer,2024,A
835,17,Spring,2025,A
836,19,Fall,2018,B
836,10,Fall,2018,C
836,9,Fall,2022,D
836,6,Fall,2023,F
837,9,Spring,2023,W
837,2,Summer,2023,C
838,16,Fall,2023,B
838,1,Fall,2022,W
839,8,Spring,2022,A
839,19,Fall,2018,C
839,6,Summer,2021,B
840,18,Spring,2021,D
840,9,Spring,2023,C
840,5,Fall,2022,F
840,11,Summer,2018,F
841,1,Fall,2025,C
841,15,Fall,2019,A
841,10,Fall,2019,B
842,18,Summer,2019,A
842,1,Fall,2020,D
843,20,Summer,2022,F
843,10,Summer,2019,D
843,5,Spring,2025,F
844,15,Spring,2022,W
844,5,Spring,2021,B
844,8,Summer,2022,C
845,20,Fall,2021,F
845,5,Fall,2024,A
845,6,Summer,2018,F
846,19,Summer,2020,F
846,12,Fall,2023,F
846,18,Fall,2021,W
846,14,Summer,2022,A
847,3,Fall,2022,C
847,3,Spring,2020,C
848,2,Spring,2020,C
848,4,Summer,2021,W
848,13,Summer,2024,D
848,3,Spring,2020,D
849,1,Summer,2018,C
849,9,Summer,2019,F
849,9,Fall,2020,D
850,19,Spring,2024,W
850,10,Summer,2021,C
851,18,Fall,2024,A
851,10,Summer,2025,W
852,13,Spring,2024,A
852,19,Summer,2023,F
852,9,Spring,2019,W
853,16,Summer,2020,B
853,3,Fall,2018,W
853,17,Fall,2018,C
853,13,Spring,2021,W
854,10,Fall,2021,B
854,5,Spring,2023,A
855,20,Fall,2018,D
855,3,Fall,2018,W
855,17,Spring,2021,D
855,15,Summer,2020,W
856,15,Spring,2020,B
856,11,Fall,2022,B
856,15,Summer,2020,B
856,7,Fall,2025,C
857,3,Fall,2022,F
857,17,Fall,2025,F
857,2,Summer,2019,W
858,15,Spring,2020,W
858,12,Fall,2018,B
858,7,Spring,2021,B
858,16,Summer,2020,W
859,10,Fall,2023,B
859,12,Summer,2023,B
859,20,Summer,2024,D
860,10,Spring,2022,C
860,12,Spring,2020,C
861,12,Summer,2018,C
861,8,Fall,2025,B
861,7,Fall,2019,D
862,9,Summer,2021,C
862,12,Fall,2023,B
863,7,Summer,2018,B
863,18,Spring,2021,D
863,14,Fall,2019,D
863,7,Summer,2024,F
864,15,Fall,2024,W
864,15,Spring,2021,F
864,18,Fall,2020,D
864,14,Summer,2020,F
865,12,Spring,2019,A
865,17,Spring,2020,W
865,20,Fall,2018,W
866,14,Summer,2025,D
866,19,Spring,2023,F
867,12,Fall,2024,F
867,12,Spring,2019,W
867,3,Spring,2022,D
867,13,Fall,2021,B
868,18,Summer,2020,C
868,9,Summer,2022,C
869,15,Fall,2025,A
869,3,Spring,2024,C
869,10,Summer,2023,D
869,18,Spring,2020,W
870,13,Summer,2021,A
870,9,Fall,2025,A
870,12,Summer,2021,B
870,15,Summer,2022,D
871,15,Spring,2022,F
871,1,Summer,2022,F
871,10,Fall,2021,D
871,19,Fall,2018,C
872,15,Spring,2023,F
872,6,Spring,2020,C
872,4,Spring,2024,W
872,7,Spring,2023,D
873,16,Fall,2018,W
873,12,Fall,2021,C
873,20,Spring,2022,A
873,19,Spring,2020,A
874,20,Spring,2020,B
874,1,Spring,2018,A
875,11,Spring,2022,C
875,10,Spring,2018,A
875,17,Spring,2022,C
875,5,Summer,2020,B
876,1,Summer,2023,D
876,9,Spring,2024,W
877,14,Summer,2023,F
877,7,Spring,2025,C
877,8,Summer,2019,B
878,19,Summer,2025,C
878,4,Summer,2019,D
878,11,Spring,2020,W
878,20,Fall,2019,A
879,10,Fall,2025,W
879,19,Fall,2025,W
879,2,Summer,2019,C
879,3,Spring,2022,F
880,15,Spring,2024,W
880,13,Spring,2018,F
880,15,Spring,2021,C
881,15,Fall,2020,C
881,10,Summer,2021,B
881,12,Fall,2021,F
882,10,Fall,2024,W
882,7,Spring,2022,A
883,13,Fall,2023,W
883,19,Spring,2019,F
884,20,Spring,2023,D
884,7,Summer,2020,B
884,19,Spring,2018,F
885,7,Summer,2024,C
885,12,Summer,2022,A
885,3,Spring,2018,F
885,18,Summer,2023,D
886,15,Summer,2025,D
886,7,Summer,2018,F
886,2,Summer,2019,C
887,10,Fall,2019,A
887,19,Spring,2025,W
887,18,Fall,2022,C
888,4,Summer,2020,B
888,10,Summer,2018,B
888,9,Fall,2023,F
888,20,Summer,2025,A
889,17,Spring,2018,W
889,20,Spring,2023,F
889,17,Fall,2024,D
890,10,Fall,2025,D
890,6,Fall,2018,F
891,20,Summer,2025,B
891,4,Fall,2018,W
891,9,Spring,2018,D
892,13,Summer,2019,F
892,20,Summer,2025,D
892,12,Summer,2025,B
892,7,Summer,2021,A
893,19,Summer,2021,W
893,14,Summer,2022,F
894,4,Fall,2019,B
894,7,Summer,2021,B
894,10,Summer,2024,F
894,2,Summer,2023,F
895,7,Spring,2024,A
895,14,Summer,2018,W
895,6,Spring,2019,A
895,9,Spring,2018,C
896,13,Fall,2021,W
896,10,Spring,2020,D
896,11,Summer,2018,A
897,7,Fall,2018,A
897,14,Spring,2023,A
897,18,Spring,2019,A
898,5,Spring,2020,D
898,18,Fall,2024,C
898,5,Fall,2019,B
899,16,Spring,2018,A
899,11,Fall,2019,B
899,12,Fall,2021,A
899,16,Fall,2025,B
900,4,Summer,2021,W
900,11,Spring,2021,B
901,18,Fall,2020,C
901,18,Summer,2025,B
901,1,Summer,2024,C
902,20,Summer,2018,B
902,17,Spring,2021,F
902,5,Spring,2020,D
903,20,Spring,2022,W
903,14,Spring,2019,D
903,10,Spring,2018,C
904,7,Spring,2024,W
904,7,Spring,2020,D
905,2,Spring,2022,B
905,20,Summer,2019,F
906,8,Fall,2025,W
906,13,Summer,2022,C
906,5,Summer,2021,F
906,9,Fall,2022,C
907,4,Fall,2024,D
907,14,Spring,2025,C
908,13,Fall,2021,D
908,11,Spring,2019,F
908,19,Spring,2023,C
909,15,Fall,2022,C
909,4,Summer,2018,F
909,18,Spring,2020,F
910,8,Fall,2019,A
910,3,Spring,2019,D
911,20,Summer,2019,C
911,8,Summer,2023,B
912,17,Spring,2023,F
912,16,Summer,2022,A
913,5,Spring,2021,B
913,18,Fall,2020,F
913,8,Spring,2023,A
914,20,Spring,2020,B
914,3,Spring,2023,F
914,4,Summer,2023,C
915,3,Spring,2024,W
915,16,Fall,2024,F
916,9,Summer,2019,D
916,9,Summer,2025,B
917,10,Summer,2022,B
917,13,Summer,2023,D
917,4,Fall,2019,W
917,16,Spring,2022,W
918,8,Spring,2021,B
918,19,Fall,2021,W
918,20,Fall,2020,B
919,13,Summer,2019,D
919,4,Fall,2022,A
919,19,Spring,2025,F
919,17,Summer,2021,A
920,1,Fall,2025,A
920,7,Fall,2019,B
920,1,Spring,2023,A
921,5,Summer,2023,D
921,19,Spring,2025,W
921,9,Summer,2023,B
921,10,Summer,2020,F
922,4,Fall,2024,A
922,9,Spring,2025,C
922,20,Summer,2022,F
922,20,Fall,2018,A
923,18,Fall,2021,F
923,7,Summer,2025,A
924,12,Fall,2019,W
924,11,Fall,2021,F
924,15,Spring,2025,A
924,15,Fall,2025,D
925,9,Summer,2025,B
925,4,Fall,2025,W
925,20,Fall,2021,C
925,20,Summer,2021,C
926,14,Summer,2020,A
926,13,Fall,2021,F
927,6,Fall,2021,A
927,10,Summer,2025,F
927,8,Spring,2018,A
927,14,Fall,2021,B
928,18,Fall,2023,F
928,3,Summer,2025,C
928,2,Spring,2020,W
928,2,Summer,2021,A
929,6,Fall,2022,D
929,5,Summer,2020,C
930,12,Fall,2018,W
930,14,Summer,2023,B
931,1,Spring,2022,F
931,12,Fall,2023,W
931,4,Spring,2022,W
931,5,Summer,2025,F
932,6,Summer,2020,F
932,12,Spring,2020,W
932,12,Fall,2019,C
933,9,Fall,2020,B
933,14,Fall,2025,D
934,9,Fall,2024,A
934,12,Fall,2024,W
934,17,Summer,2025,C
935,11,Spring,2021,D
935,10,Spring,2025,F
935,18,Summer,2019,F
935,20,Summer,2020,C
936,3,Fall,2020,B
936,20,Spring,2018,F
936,7,Fall,2021,C
936,12,Fall,2022,C
937,8,Fall,2021,B
937,4,Spring,2024,W
938,4,Fall,2018,W
938,10,Summer,2024,F
938,20,Fall,2022,W
938,3,Summer,2019,F
939,16,Summer,2025,D
939,9,Summer,2023,W
939,7,Spring,2022,D
939,5,Fall,2022,C
940,10,Summer,2023,C
940,12,Fall,2025,C
940,15,Spring,2021,W
941,1,Fall,2025,B
941,10,Fall,2019,F
941,3,Summer,2020,A
942,11,Fall,2025,F
942,11,Summer,2020,B
943,8,Spring,2018,A
943,20,Spring,2020,F
944,18,Spring,2021,C
944,19,Summer,2022,C
944,2,Fall,2018,B
945,1,Spring,2021,F
945,13,Fall,2025,F
945,12,Spring,2024,B
946,8,Summer,2020,B
946,3,Spring,2019,F
947,2,Fall,2021,W
947,2,Summer,2021,D
948,14,Spring,2018,A
948,4,Summer,2025,W
949,18,Fall,2020,F
949,12,Spring,2021,B
949,10,Spring,2023,F
949,9,Spring,2022,C
950,1,Spring,2018,W
950,6,Fall,2023,D
950,15,Spring,2023,W
950,1,Summer,2020,F
951,20,Fall,2021,W
951,14,Spring,2019,F
952,4,Summer,2022,D
952,17,Spring,2021,B
952,20,Fall,2022,B
953,7,Spring,2018,W
953,16,Spring,2020,W
954,10,Summer,2022,B
954,3,Summer,2021,C
954,18,Spring,2020,A
955,17,Summer,2025,C
955,15,Spring,2021,C
955,5,Summer,2025,W
955,15,Spring,2019,C
956,20,Summer,2019,C
956,12,Spring,2024,A
957,14,Spring,2021,F
957,14,Spring,2025,A
957,3,Fall,2025,B
958,1,Fall,2024,D
958,4,Summer,2022,B
958,7,Fall,2020,D
959,16,Summer,2021,A
959,5,Spring,2018,B
960,10,Fall,2018,C
960,10,Fall,2020,B
960,18,Spring,2022,C
961,9,Summer,2024,W
961,4,Spring,2024,A
961,2,Fall,2018,C
962,18,Fall,2024,W
962,7,Summer,2021,W
962,14,Spring,2018,W
962,13,Fall,2022,B
963,17,Spring,2024,W
963,1,Spring,2022,A
963,2,Fall,2022,W
964,16,Spring,2022,W
964,12,Fall,2019,A
964,15,Spring,2025,D
965,12,Spring,2019,B
965,3,Summer,2025,D
966,12,Fall,2025,B
966,4,Summer,2024,B
966,12,Summer,2019,W
967,6,Spring,2025,A
967,12,Summer,2023,C
967,12,Fall,2025,W
967,3,Spring,2024,A
968,10,Spring,2018,C
968,3,Summer,2020,A
968,17,Summer,2022,C
969,17,Summer,2022,B
969,15,Fall,2021,W
969,20,Summer,2023,W
970,2,Spring,2020,B
970,17,Fall,2025,A
970,17,Fall,2022,F
971,7,Spring,2019,C
971,7,Fall,2025,B
971,4,Summer,2021,D
971,3,Spring,2022,D
972,13,Summer,2023,B
972,9,Summer,2022,D
972,11,Fall,2020,W
973,4,Summer,2025,F
973,20,Summer,2019,C
973,16,Spring,2021,D
974,7,Summer,2019,D
974,3,Spring,2021,D
974,20,Fall,2022,C
975,3,Fall,2019,F
975,16,Summer,2023,F
976,2,Fall,2021,C
976,7,Fall,2025,A
976,15,Summer,2022,A
976,13,Fall,2018,C
977,20,Fall,2024,D
977,14,Spring,2021,B
977,11,Spring,2022,A
977,7,Summer,2023,W
978,4,Summer,2023,A
978,16,Fall,2020,D
978,2,Spring,2018,W
978,7,Fall,2021,D
979,17,Spring,2021,D
979,11,Fall,2024,D
979,10,Spring,2025,B
979,13,Summer,2018,F
980,20,Spring,2023,B
980,17,Summer,2020,B
980,14,Summer,2018,A
980,8,Fall,2024,B
981,10,Summer,2022,B
981,7,Summer,2021,F
981,2,Fall,2025,C
982,20,Spring,2021,A
982,13,Spring,2024,B
982,16,Fall,2022,B
982,10,Fall,2019,C
983,11,Fall,2025,A
983,10,Summer,2020,F
983,5,Summer,2023,A
984,10,Fall,2020,A
984,6,Fall,2018,B
984,3,Summer,2021,A
984,7,Fall,2022,D
985,19,Fall,2018,B
985,5,Spring,2018,B
986,18,Summer,2022,F
986,11,Spring,2020,B
987,5,Spring,2024,F
987,8,Spring,2024,A
987,11,Spring,2025,F
987,18,Spring,2021,B
988,2,Fall,2018,C
988,3,Fall,2018,W
989,13,Summer,2021,A
989,13,Summer,2024,A
989,16,Fall,2023,D
989,11,Summer,2019,F
990,14,Summer,2021,A
990,1,Fall,2025,F
990,20,Summer,2019,A
991,14,Fall,2020,D
991,9,Fall,2020,C
992,7,Summer,2021,B
992,5,Fall,2018,F
992,9,Fall,2020,F
992,9,Fall,2023,D
993,6,Fall,2019,W
993,10,Summer,2020,W
993,9,Summer,2021,C
993,15,Summer,2021,F
994,7,Spring,2018,C
994,17,Spring,2025,B
994,1,Spring,2022,A
994,19,Summer,2020,W
995,19,Fall,2020,F
995,17,Fall,2021,B
995,1,Summer,2025,A
996,17,Summer,2019,C
996,17,Fall,2023,C
996,19,Fall,2021,F
997,2,Fall,2018,B
997,4,Spring,2020,C
997,2,Fall,2020,F
998,11,Spring,2020,A
998,12,Summer,2020,W
999,2,Fall,2018,W
999,12,Summer,2020,F
999,19,Summer,2021,A
999,17,Summer,2022,D
1000,13,Fall,2019,F
1000,10,Summer,2025,F
